<?xml version="1.0" encoding="utf-8"?> 
<!-- 
  Synopsys, Inc.
  Version L-2016.09M-2
  Project file C:\Users\axel.amand\Desktop\kart\eln_kart_sodimm200\Board\libero\Kart\synthesis\syntmp\run_option.xml
  Written on Mon Jul 11 08:32:05 2022


--> 
<project_attribute_list name="Project Settings"> 
     <option name="project_name" display_name="Project Name">Kart_Board_syn</option>
     <option name="impl_name" display_name="Implementation Name">synthesis</option>
     <option name="top_module" display_name="Top Module"></option>
     <option name="retiming" display_name="Retiming">0</option>
     <option name="resource_sharing" display_name="Resource Sharing">1</option>
     <option name="maxfan" display_name="Fanout Guide">24</option>
     <option name="disable_io_insertion" display_name="Disable I/O Insertion">0</option>
     <option name="no_sequential_opt" display_name="Disable Sequential Optimizations">0</option>
     <option name="symbolic_fsm_compiler" display_name="FSM Compiler">1</option>
</project_attribute_list>

